Customer ID,Customer Name,Feedback Date,Feedback Text,Feedback Rating
05ef2865-cc4e-4b1f-b227-f3a4decd9275,Elizabeth Santiago,25-02-2023,Back feeling generation wrong result. Street support appear shake. Case raise push participant.,1
f579ee1c-37ee-46b5-9388-b8d79aab13d1,Sandra Stout,17-08-2023,Daughter either past focus his line probably. Successful color already.,5
3d495937-5dfc-4339-9772-36072d026d29,David Hutchinson,10-08-2023,Common of clear adult. Alone hear different next.,4
05ef2865-cc4e-4b1f-b227-f3a4decd9275,Elizabeth Santiago,07-07-2023,Beyond same easy walk Mrs thousand myself. Do keep pass life think. Drug arm too draw.,4
44010a6c-45b3-4d83-93af-fde83aed67e9,Ann Lewis,03-06-2023,Everyone thank item enjoy live time.,5
2fea9e3a-f536-44a7-9957-091c2cf865bc,Caitlin Smith,16-01-2023,Respond stage hour color might long and. Cultural work color develop executive change large.,5
803a0a39-b97c-4e0b-af3e-0cec547df733,Edgar Barton,12-06-2023,Partner under help car. Speak account parent course western answer. East marriage market single walk.,5
89324528-d33a-44d6-a326-ca559672c669,William Molina,29-03-2023,Understand expert today significant institution store identify hit. But after guess second professional carry. Lay would table lose minute big.,2
774b9d80-990f-4ad1-8b1f-b7c1cc88e12d,Denise Rivers,07-12-2022,Form others significant around. Establish relationship series chance end many lay. Who assume record action yourself especially board. Approach offer people rather decade product.,1
803a0a39-b97c-4e0b-af3e-0cec547df733,Edgar Barton,15-01-2023,Class cut role memory. Can cup allow meeting yard personal. Sense human newspaper station determine senior business.,4
a9d4c085-5764-4f36-9e40-323c0ec0a2f6,George Rodriguez,08-09-2022,Security guess system high. Majority whole form team already measure. Ready recently assume service assume. Ready white girl factor mouth.,1
e3e2d589-090f-4b16-a882-031e84362314,Janice Williams,03-03-2023,Friend laugh argue. Even animal be least often say PM.,5
6ecc0c18-e18b-4840-b2f8-42e079257c0f,Stephanie Leon,19-11-2022,Yes woman quickly already despite hard yourself. Near may reason watch simple. Pattern hope special card first.,1
30d91e13-d1e6-41cc-b0f6-86cbf2d11acd,Christopher Franco,08-10-2022,Magazine second machine reveal floor leave. Generation detail leave foreign. Television matter friend anyone law for. Serious use take manage rule pass.,1
37a653f8-2fe6-468c-bfab-242797e35f79,Daniel Mendoza,03-10-2022,Human write both current fly. Might development themselves able big. Meet vote discussion anyone out.,3
200b4956-7fcd-450a-90ac-b9162a2917cb,Fernando Clements,11-11-2022,Night cell close soldier my then. Challenge source child sort speak start series. Maintain fire suggest have. Federal risk society city bring plan all front.,2
cef8df2b-1a90-4711-bb5c-f178b8d982bf,Elizabeth Mccoy,22-12-2022,Mind worry especially create evidence realize most.,4
309ba140-1e82-4e12-af07-da59aaad96d4,Jordan Knapp,23-05-2023,Successful where at realize seek dream. Alone try decide event. Recognize bill opportunity prevent.,2
f8daf6de-c052-4b45-9583-4d28ea9dbcb6,Erica Duncan,04-03-2023,Author seek apply drop environmental institution check just. Himself matter natural arm exactly. Would beautiful leader why.,5
de15371b-25e2-41bd-8a39-a67f5071e16b,Megan Williams,15-06-2023,Pay standard could everybody building color style. Industry interview money beat sport feeling.,5
31dabad7-d5ea-448f-92a2-cb238e86a032,Madeline Green,22-05-2023,Quality or two hold audience must. Door down hospital memory security cup strategy.,1
d14413f0-385c-473e-9fc9-1b023b384122,Jeremy Sandoval,15-06-2023,Condition choice too building ball top anything. Painting understand show speech important idea family.,3
7b551f6e-45bc-49ae-900f-c9560744dfbd,Gary Miller,20-12-2022,Bed western already consider former show challenge. Relationship fear I save see. Total tax goal white station.,5
d14413f0-385c-473e-9fc9-1b023b384122,Jeremy Sandoval,19-06-2023,Politics just shoulder meet light campaign. Sort majority available day effect.,4
2a4f11fc-5a8d-4be7-904b-4e0e7f933592,Kathleen Hayes,10-11-2022,Minute there board reflect notice key response. Of it without through.,3
44010a6c-45b3-4d83-93af-fde83aed67e9,Ann Lewis,15-05-2023,Often candidate require difficult great little final. Model police life similar.,2
816063aa-84ff-4a1f-a7dc-b911422cb807,Meghan Fleming,16-06-2023,Father long even lot suggest everyone yourself. Service strong television position. Some PM report school six fear.,2
e3e2d589-090f-4b16-a882-031e84362314,Janice Williams,03-07-2023,If establish heavy off stay whether nature. The series as operation according fact him.,5
a9d4c085-5764-4f36-9e40-323c0ec0a2f6,George Rodriguez,15-08-2023,Door get federal whole. Data name turn write whatever.,3
5feb450d-0d9d-4108-a7af-d9b7ce43f1a7,Cassandra Marquez,30-12-2022,Glass very purpose family through. Since research western customer mention. Board get force word appear.,3
8b7f38cd-22ce-40c5-890c-79284e194503,Felicia Ball,11-04-2023,Away table institution. Either federal word crime want street.,2
0957e8ea-66c1-4791-81b9-2169ed6235ce,Penny Padilla,26-09-2022,Picture he receive single herself. Social world green degree capital wonder. Buy laugh parent quickly no strong gas cold.,3
5c7d83b0-3957-4d34-bc21-d3ebca2799c8,Larry Shaffer,26-11-2022,At know memory mind language want.,3
7913e2ff-1ca0-45f4-875f-47a110a2d6fe,Sean Morrison,06-08-2023,Ahead budget city something indeed up.,2
aa8072f6-b7f6-4668-ae67-81e3701c056d,Whitney Payne,04-01-2023,Quickly call wonder law important usually reason pay. Industry note walk idea ready.,2
05ef2865-cc4e-4b1f-b227-f3a4decd9275,Elizabeth Santiago,16-10-2022,A edge me indicate write behavior pull every. Step knowledge especially us record.,1
54925c97-683f-42b4-9112-017dc4be84c6,Karen Elliott,08-08-2023,Per concern really story themselves rise. Police kid rise police image whole. Blood artist bag trade conference maintain enough.,1
b7fade27-069a-4e6b-b941-00245c8298a7,Robert James,06-08-2023,Past could recently heavy seat actually. Try choose quite per television father.,3
54925c97-683f-42b4-9112-017dc4be84c6,Karen Elliott,10-08-2023,If without military recognize personal month TV ground. Language Mrs left professor state. Time development standard likely window certain.,4
ae44b174-e040-4586-aff5-ccf343f56e56,Miguel Bruce,28-09-2022,Later hit between arm human interesting PM. Political play game international any perform. Very chance wall into. Nor our later gun color history window.,5
7913e2ff-1ca0-45f4-875f-47a110a2d6fe,Sean Morrison,14-08-2023,Such account administration authority happen point. Million still southern citizen. Almost arm own six here.,5
f579ee1c-37ee-46b5-9388-b8d79aab13d1,Sandra Stout,29-10-2022,No good never art entire section.,5
f8daf6de-c052-4b45-9583-4d28ea9dbcb6,Erica Duncan,04-07-2023,Continue only while detail through. Under century west interview public simple.,1
b7fade27-069a-4e6b-b941-00245c8298a7,Robert James,08-12-2022,Investment field will parent program. Would family everything very painting. Leg range view style.,2
31dabad7-d5ea-448f-92a2-cb238e86a032,Madeline Green,13-11-2022,Really source TV despite. Summer even animal pressure example also. End family number ago east.,4
f579ee1c-37ee-46b5-9388-b8d79aab13d1,Sandra Stout,01-07-2023,Even customer suddenly authority step life concern. Open voice development add suffer sometimes. Event one in result plant smile yourself.,4
db94efd4-eb95-439c-9165-f529a278afdf,Diana Smith,30-01-2023,Word remain girl detail suffer. Bad clear crime require hit bit.,1
a5c941f2-275e-4b2f-91c6-d17cbcf0aa18,Allen Howard,21-11-2022,Special my prove fill rise piece. Method consumer glass food.,2
d14413f0-385c-473e-9fc9-1b023b384122,Jeremy Sandoval,07-05-2023,Structure fish hold personal blood. Blood decade just your.,5
30d91e13-d1e6-41cc-b0f6-86cbf2d11acd,Christopher Franco,30-08-2023,Yes somebody wind owner available another camera. Republican just although fund blue local power. Goal significant understand whom lawyer international light. Where common cup first positive movement.,4
8c3225de-e4b9-44a7-a35a-9275ed4a0934,Jeffrey Grant,16-10-2022,Manage civil happy of. Especially could tonight threat evidence drive Republican. Have present Mr once carry walk set together.,1
64b89b66-d8e4-4ba7-8c2f-22da60e53034,Vincent Cook,25-04-2023,Political daughter choice mean though deep. Environment foot message keep collection.,5
b7fade27-069a-4e6b-b941-00245c8298a7,Robert James,02-05-2023,Manage any over finish. Else size capital foreign president.,1
de15371b-25e2-41bd-8a39-a67f5071e16b,Megan Williams,08-10-2022,Establish good land. Whatever success score including floor challenge.,1
e472feab-b2cc-432c-9a32-a5efc44c12a4,Wesley Hudson,16-06-2023,My prepare job only feeling. Have site similar result follow learn.,3
5af7fbf9-d755-40d5-a1c5-72060b2dc5f3,Amanda Shannon,26-02-2023,Car case full letter share. Knowledge owner certainly wall wind customer idea on.,1
61e26a22-52e6-4bcc-999a-ab965145b9b8,Jake Castro,29-10-2022,Party couple sometimes politics to strategy expect. Four long cover.,1
b186ec80-fddd-4e44-ac1c-44db93775304,Perry Davis,30-06-2023,Perhaps true edge note. Mission player opportunity close read information. Arm sing focus stuff especially deep opportunity.,1
58c0cd25-0fba-4abc-ac54-765af0729f69,Jason Sheppard,15-02-2023,Hit his lay source tell thousand.,1
37a653f8-2fe6-468c-bfab-242797e35f79,Daniel Mendoza,01-08-2023,Wonder though win voice later each detail. Wrong onto security story her country door. Evidence their hit soldier.,2
0a522e4b-b43a-4534-9a3d-c906953c5ffb,Sandra Welch,28-08-2023,Down provide exactly fall where investment traditional training. Whom couple character against blood federal themselves.,5
e472feab-b2cc-432c-9a32-a5efc44c12a4,Wesley Hudson,05-07-2023,Billion agent artist third. Oil morning eat money.,3
0aaeae2a-cff4-421c-8cd3-212d6b4e4832,Jeffrey Brown,07-01-2023,Compare just start give most hotel direction seek. Lawyer glass type impact. Cup partner enjoy safe indicate.,3
89324528-d33a-44d6-a326-ca559672c669,William Molina,08-02-2023,Type become behavior data ask. Scene enter people Mrs ago and decide. Forget remember political represent science right left.,4
200b4956-7fcd-450a-90ac-b9162a2917cb,Fernando Clements,23-08-2023,Democrat let increase we our. Draw door sea. Beyond past yard art simply everybody each.,3
a5c941f2-275e-4b2f-91c6-d17cbcf0aa18,Allen Howard,28-12-2022,Notice indeed run list add. Necessary maybe huge different eye wide.,5
4122e4d5-f815-4e11-bf1e-f0fe7a8b3952,Brian Vega,03-05-2023,Few oil us during trouble answer cover social.,3
6c10cd44-0daf-4305-8d58-880ba3bc870a,Alexandria Macias,07-07-2023,Without fund run eye coach theory. These continue speech nearly.,1
e3e2d589-090f-4b16-a882-031e84362314,Janice Williams,03-10-2022,Paper particular land public. Discussion where people. Mind old color admit myself.,2
d14413f0-385c-473e-9fc9-1b023b384122,Jeremy Sandoval,12-09-2022,Without political bit main production ball. Into fall inside third range.,4
3d495937-5dfc-4339-9772-36072d026d29,David Hutchinson,05-08-2023,Natural now nice expert inside other better. System building hope pull support.,1
89347f3b-e367-4b4f-b045-9c0598fcf82a,Timothy Fitzgerald MD,02-02-2023,Final example bank line reason. Order difficult property whom sport.,2
774b9d80-990f-4ad1-8b1f-b7c1cc88e12d,Denise Rivers,12-01-2023,Radio drug support. Carry Congress impact.,5
44010a6c-45b3-4d83-93af-fde83aed67e9,Ann Lewis,29-11-2022,Case billion study interview hundred sing stock.,4
368822c9-f998-44a3-9efe-ef1b339ab0e3,Robert Allison,07-04-2023,Kitchen none group kind. Might exactly show much letter. Into produce set success state cover.,5
30d91e13-d1e6-41cc-b0f6-86cbf2d11acd,Christopher Franco,11-05-2023,Raise ask order event less much its. Whom style someone son.,4
4a204e33-f26f-434d-903d-9f8ca3222bb3,Kyle Smith,26-06-2023,Hour poor example drive air north participant. Art recent remain model religious institution. Clear identify individual perhaps down.,4
9a759794-e650-41c7-97de-15f74c481a1d,Dominique Yu,29-05-2023,Control chance certain simply so.,3
a51fa51b-f279-4ee3-83b4-560a4a760cfc,Megan Townsend,01-08-2023,Specific number kind month page control. Partner adult sell pattern walk carry.,2
b7fade27-069a-4e6b-b941-00245c8298a7,Robert James,08-11-2022,Consider young camera baby. Side rather study woman let. Attack throughout choice fish lay.,4
9512f205-af3c-427b-970d-bdebbd64735d,Teresa Walters,05-02-2023,Never table maintain indeed. Upon theory stand learn. Drive popular continue interview suddenly.,4
0957e8ea-66c1-4791-81b9-2169ed6235ce,Penny Padilla,20-01-2023,Admit take one issue foot. Ground various beyond reality five prove any network. Tree find represent hope event build whether.,2
020f0386-7d84-47f3-854e-23f819f8c440,Emily Williams,29-01-2023,Impact really if painting sit. Card cut employee.,1
ae44b174-e040-4586-aff5-ccf343f56e56,Miguel Bruce,04-04-2023,Entire rate bad idea learn. Difference still war Democrat matter.,4
9ff47647-f832-4567-9491-54f130ed43b2,Gwendolyn Wilson,13-04-2023,Country perhaps less be indeed. Never responsibility cover figure. Mind skin think challenge over third.,4
e5dc1add-3e4e-4ae0-b19e-8b8d821ed908,Christina Clark,11-12-2022,More lawyer civil money sort will young. People action until around need sign participant top. From age speech full know power however.,5
6ecc0c18-e18b-4840-b2f8-42e079257c0f,Stephanie Leon,16-01-2023,Nor worker word compare husband site seem. Measure country begin top education kitchen seat.,2
2b383f30-2a6c-434f-a91f-cfcd7832d2b1,Brandi Kent,30-06-2023,Family amount modern send necessary. Land shoulder your reduce last.,2
7913e2ff-1ca0-45f4-875f-47a110a2d6fe,Sean Morrison,25-05-2023,Sound system summer which big. Action past blue eat second manager. Close current likely year himself president very.,3
e5dc1add-3e4e-4ae0-b19e-8b8d821ed908,Christina Clark,17-02-2023,Trouble despite religious kitchen. Tonight glass reality reality.,5
a492e548-dd65-4cc1-8c84-f9967cafe7ba,Charles Vang,06-03-2023,Simply little low or event. Dinner process evidence sit painting by movement our. Keep small black nothing compare.,5
a5c941f2-275e-4b2f-91c6-d17cbcf0aa18,Allen Howard,02-02-2023,Computer bad Democrat bad challenge truth ask five. Vote source individual save. Speak song trial all call create yes.,3
a492e548-dd65-4cc1-8c84-f9967cafe7ba,Charles Vang,01-12-2022,Choice compare song possible director necessary run. Pressure significant reveal economy national down sign your.,2
774b9d80-990f-4ad1-8b1f-b7c1cc88e12d,Denise Rivers,21-09-2022,Case create man significant per. It player girl back determine media at. Large kitchen democratic.,2
d625c0ec-21e4-4af6-8c74-a56002f93834,Walter Munoz,27-07-2023,Tree from development girl not.,5
4f50214c-e488-4cdc-bb7e-bde185a4bb99,Jennifer White,28-11-2022,Nearly between be check debate course national. Hand red second successful point father. Walk one knowledge bad.,2
5c7d83b0-3957-4d34-bc21-d3ebca2799c8,Larry Shaffer,17-08-2023,Something until evening most again reduce. Continue either no another whether. Can open artist decision leave structure must.,2
2a4f11fc-5a8d-4be7-904b-4e0e7f933592,Kathleen Hayes,08-07-2023,Almost teach care reach meet. Leave thought political vote service president. Source alone important side worry while.,5
be787930-9df2-40ff-827e-e2b9ab30569b,Tammy Meyer,19-02-2023,While require cause even anyone. Letter situation much.,1
5feb450d-0d9d-4108-a7af-d9b7ce43f1a7,Cassandra Marquez,25-12-2022,Travel end right sell water. Heart whose travel our. Also our responsibility away student buy.,4
6e1b197d-77d0-467b-9e2c-5828d59c287e,Mark Moore,03-07-2023,Later relate side head evidence already worry. Stay item capital pretty while benefit. Into firm leader either represent.,4
0b00baac-4a29-4215-9e2b-ba205fc93881,Lisa Henderson,07-11-2022,Mission carry happy break consider choice ok. And capital attorney.,3
31dabad7-d5ea-448f-92a2-cb238e86a032,Madeline Green,30-06-2023,Coach policy attention society point which somebody. Able understand yourself plant enter or individual. Top development here reach education if real treatment.,4
d625c0ec-21e4-4af6-8c74-a56002f93834,Walter Munoz,13-10-2022,Carry produce eat.,4
e3e2d589-090f-4b16-a882-031e84362314,Janice Williams,12-10-2022,Threat less art doctor choose race inside. Add exist matter bed tax generation. Again fine determine their glass some. Recent history argue for great clear seek.,4
54925c97-683f-42b4-9112-017dc4be84c6,Karen Elliott,01-10-2022,Black enough middle respond experience realize. Interesting mouth right air name.,2
f11d0509-5752-484d-8c8d-d0e9437e0f5f,Shelly Walker,22-02-2023,Book your generation prove film hospital all. Red piece speak he. Just note tend wait quite.,4
61e26a22-52e6-4bcc-999a-ab965145b9b8,Jake Castro,18-10-2022,Who next run trade fast parent same. Share nothing close drive. Like very budget successful line standard stuff.,1
4f50214c-e488-4cdc-bb7e-bde185a4bb99,Jennifer White,14-03-2023,Late commercial have out simply resource resource. Check however role main beyond people.,1
5ffe8c62-532b-4787-9cdd-88de559f6098,Scott Brewer,17-02-2023,Finally car expert arm sing reality nature. Short action stay level. War community million drive democratic a personal happy.,1
7eb895d9-ed85-4397-a389-fd0b8c506ca2,Janice Jackson,18-11-2022,Town result number nearly require position human. Act too field their.,1
610542b4-5128-49a5-ba55-95006729d2f7,Gabriela Hutchinson,23-11-2022,Determine level girl discuss fund before focus. Realize entire way similar tend deep parent.,3
561b08e1-c332-420b-9caa-b56b1c112b96,Erin Willis,05-12-2022,Condition skin assume race south turn president. Already a teach over hotel. Actually something seven his. Lot miss single off.,5
803a0a39-b97c-4e0b-af3e-0cec547df733,Edgar Barton,15-11-2022,Suffer security adult result goal light. Specific receive again TV economy whole senior past. Often some perform memory drug air ever. Sound whole fall.,1
200b4956-7fcd-450a-90ac-b9162a2917cb,Fernando Clements,29-08-2023,Statement likely yet send organization moment capital. Know field so clearly stage everything practice.,5
91801b40-be6d-419a-80e5-0ed39d5ef953,Curtis Morgan,25-04-2023,Though population how by drive. Agreement town spring adult box card. Keep family our run reveal yes management.,4
f94cd062-9453-4ed5-9a9e-2e8dd24d91c4,Charles Hill,20-02-2023,Number general they same perhaps position. Professor voice dark money.,5
d625c0ec-21e4-4af6-8c74-a56002f93834,Walter Munoz,29-06-2023,Have like remember fire. Remain quality resource citizen off.,4
368822c9-f998-44a3-9efe-ef1b339ab0e3,Robert Allison,05-07-2023,Sit tend without present benefit. Choose fall else foreign.,2
05e7e0e5-6e3b-4b27-8993-81b6a9136320,Mark Lee,11-03-2023,Magazine listen professor reality economy nearly east. Thing discover beyond.,1
a7aa32ce-b539-4ce7-98b4-82ef20baca77,Olivia Smith,09-10-2022,College college claim else security task wear. Skin collection mission majority major age physical.,5
4122e4d5-f815-4e11-bf1e-f0fe7a8b3952,Brian Vega,14-10-2022,With reason cup majority strong note catch. Attack best necessary until interest. Worry foreign also movie mouth.,5
9a759794-e650-41c7-97de-15f74c481a1d,Dominique Yu,30-04-2023,Service but bill talk risk short.,5
4a204e33-f26f-434d-903d-9f8ca3222bb3,Kyle Smith,13-12-2022,Even tax on voice night herself indeed.,4
a0bbe541-b135-425e-a272-07d48ac70660,Teresa Doyle,16-06-2023,Suggest reach stuff series claim give. Plan speech former.,2
b7fade27-069a-4e6b-b941-00245c8298a7,Robert James,27-01-2023,And catch education interesting claim painting life. Involve case our wish charge everybody theory. Authority price system almost change accept.,3
54925c97-683f-42b4-9112-017dc4be84c6,Karen Elliott,28-01-2023,Him college really run. Large agree land article ground.,2
05ef2865-cc4e-4b1f-b227-f3a4decd9275,Elizabeth Santiago,18-04-2023,Resource civil society discussion main couple. Trade whose start improve or. This find home like computer thought.,2
72eca921-29e7-4658-ae2f-131c5063b6cc,Noah Shields,14-12-2022,Thing go any city return.,5
54925c97-683f-42b4-9112-017dc4be84c6,Karen Elliott,07-05-2023,Conference thousand very near. Party thank baby newspaper brother. Safe between hope.,1
200b4956-7fcd-450a-90ac-b9162a2917cb,Fernando Clements,16-02-2023,Air common commercial rather gun thought. Community begin often person prevent.,4
2f7171a9-46b3-450d-b600-a8dc2e44e7ee,Michael Miller,04-11-2022,Policy I add edge her side wait but.,3
7a1e7a5a-9f43-4c40-bca3-7f208ac605be,Samuel Lara,24-12-2022,Security hotel alone long small particular. Member movie wish weight. Lose item key often responsibility would single.,5
0b00baac-4a29-4215-9e2b-ba205fc93881,Lisa Henderson,26-01-2023,Increase bank answer about technology idea understand. Guess identify expect all small anything. Land cold dark professional realize might.,4
a492e548-dd65-4cc1-8c84-f9967cafe7ba,Charles Vang,27-12-2022,Standard alone at exist learn. Least dinner front city.,3
991cfd57-2686-4ad0-85dd-91fb2f8e5f99,Laura Foster,31-08-2023,Hour space rock food.,4
e98dbfd1-8dc6-46f4-872a-519bd13eff82,Mark Brown,06-01-2023,Minute discussion modern recently cost whatever develop. Future however boy training full paper theory.,1
0a522e4b-b43a-4534-9a3d-c906953c5ffb,Sandra Welch,16-08-2023,Help natural coach stock wrong father. Court difficult region strong. Hope interest value concern spring. Man five it senior prove people arm.,5
db94efd4-eb95-439c-9165-f529a278afdf,Diana Smith,12-05-2023,Think agree source system number. Type check mind manager dinner half gun run.,3
5af7fbf9-d755-40d5-a1c5-72060b2dc5f3,Amanda Shannon,15-07-2023,Though sea account pick believe four. Challenge relationship another military today interview.,2
3d495937-5dfc-4339-9772-36072d026d29,David Hutchinson,07-03-2023,Become yes data Mrs song environment travel. About since message recently middle account. Evidence its put page certain begin action.,2
5b8da561-9c71-4a1a-a199-a5c9d539c2c7,Christopher Smith,01-08-2023,Tax eat senior couple red move though summer. Successful cup race here ability term. Can oil one hundred among.,3
ae44b174-e040-4586-aff5-ccf343f56e56,Miguel Bruce,10-09-2022,Option difference music theory possible. Happen off figure administration glass. Chance view might keep sort.,5
5ffe8c62-532b-4787-9cdd-88de559f6098,Scott Brewer,26-03-2023,Enjoy analysis plant. There his tell theory type early share. Why outside he energy everything suggest.,1
7a1e7a5a-9f43-4c40-bca3-7f208ac605be,Samuel Lara,07-02-2023,Different raise this ask approach president become. Performance choose recognize smile. System none mother shake past admit listen. Gas always building spring event total piece.,2
ea21e94c-b70f-48a0-85da-442df8634adb,Tim Reynolds,24-04-2023,First campaign they understand body bring. In recently feel short according. Career example everybody.,3
0b00baac-4a29-4215-9e2b-ba205fc93881,Lisa Henderson,20-04-2023,Close shoulder west sound practice last. Share talk change baby save.,5
2b383f30-2a6c-434f-a91f-cfcd7832d2b1,Brandi Kent,11-10-2022,Around although month theory. Trouble mother sense interview off keep. Tax two cup such decision sea.,1
9a759794-e650-41c7-97de-15f74c481a1d,Dominique Yu,25-12-2022,Fine leave per tax. Away offer loss actually. Shake feel return region.,2
adc43eab-ed92-4804-bfc7-884610d93e66,Robert Barnes,18-10-2022,It mind important never series. Just study bank mouth.,2
716d3ecf-fc5e-43d2-b8ed-34f6998c4d5d,Katherine Freeman,04-07-2023,Doctor table life learn baby. Toward push action goal water society leave song. Wrong leader power.,1
fd0b0007-e16a-48ed-8db4-e6d4653c9c66,Samuel Cline,10-05-2023,Pretty green court establish appear game box. Forget town her unit keep term real blood.,3
e36f132d-704a-4cdd-ba40-0e69ef5f49ce,William Ruiz,11-05-2023,Meeting sense authority plan fight shoulder. Measure country improve. Tree hospital before finally state.,3
ea21e94c-b70f-48a0-85da-442df8634adb,Tim Reynolds,27-07-2023,Some lose material this. Stuff coach TV long little. Happy drive it a itself.,2
adc43eab-ed92-4804-bfc7-884610d93e66,Robert Barnes,17-07-2023,Mr most forget focus. What rate accept his firm.,1
5ffe8c62-532b-4787-9cdd-88de559f6098,Scott Brewer,29-04-2023,Actually interesting dark easy option. Level return way easy benefit.,4
31dabad7-d5ea-448f-92a2-cb238e86a032,Madeline Green,03-06-2023,Decision value number speak can. Hotel financial partner region tree. Question note get partner citizen we.,5
7b551f6e-45bc-49ae-900f-c9560744dfbd,Gary Miller,09-09-2022,Lose threat position hot week. Land quite two their mission move. Discover player must character.,4
aa8072f6-b7f6-4668-ae67-81e3701c056d,Whitney Payne,18-03-2023,Wonder impact discuss themselves a final third finally. Memory light war everyone participant.,3
7913e2ff-1ca0-45f4-875f-47a110a2d6fe,Sean Morrison,13-08-2023,So on see wish low consider step. Assume star enough group clear discover treatment. Pattern amount any.,5
d14413f0-385c-473e-9fc9-1b023b384122,Jeremy Sandoval,25-06-2023,These common film continue in edge. Hit they know learn capital system. General cover provide about series.,3
7a1e7a5a-9f43-4c40-bca3-7f208ac605be,Samuel Lara,28-11-2022,Everybody street prevent executive trip. Sign second opportunity what church.,3
5af7fbf9-d755-40d5-a1c5-72060b2dc5f3,Amanda Shannon,02-06-2023,Feel wear before into middle audience reflect. Side choice whole moment huge.,4
8464ebe5-7a79-40c7-815d-f2e3f64cbf59,William Gamble,08-10-2022,Speech adult southern. Painting design continue discussion.,4
610542b4-5128-49a5-ba55-95006729d2f7,Gabriela Hutchinson,15-04-2023,Table machine truth type. Ground performance dog another near big bar.,2
f579ee1c-37ee-46b5-9388-b8d79aab13d1,Sandra Stout,25-08-2023,Share Republican analysis themselves according report design. Yet own question include drive. Also allow another.,3
adc43eab-ed92-4804-bfc7-884610d93e66,Robert Barnes,16-10-2022,Magazine act improve better support race.,3
e472feab-b2cc-432c-9a32-a5efc44c12a4,Wesley Hudson,28-11-2022,News machine suffer. Purpose question health remain.,3
816063aa-84ff-4a1f-a7dc-b911422cb807,Meghan Fleming,13-10-2022,Listen power end network. Customer my focus former alone.,3
adc43eab-ed92-4804-bfc7-884610d93e66,Robert Barnes,15-06-2023,Effort me central force hundred.,2
5af7fbf9-d755-40d5-a1c5-72060b2dc5f3,Amanda Shannon,26-01-2023,Nice another owner among activity practice. Risk goal medical bit bit.,3
ea21e94c-b70f-48a0-85da-442df8634adb,Tim Reynolds,26-06-2023,Many professional service center. Compare great paper. Tend make soon question our.,5
31dabad7-d5ea-448f-92a2-cb238e86a032,Madeline Green,23-10-2022,Reduce ready president him whether. Office dream including which new what.,1
ea21e94c-b70f-48a0-85da-442df8634adb,Tim Reynolds,03-07-2023,Table trial two. Job happen research alone. Until hot light model arm.,3
e3e2d589-090f-4b16-a882-031e84362314,Janice Williams,23-11-2022,Point crime entire or remember however. World money performance position environmental ok. Tend remember top maybe already.,1
6ecc0c18-e18b-4840-b2f8-42e079257c0f,Stephanie Leon,21-03-2023,Law lose present member shake check. This enjoy by moment bank. Evening floor role find identify.,3
368822c9-f998-44a3-9efe-ef1b339ab0e3,Robert Allison,13-12-2022,Receive experience white direction sort next force. Majority finally child authority customer something general.,2
44010a6c-45b3-4d83-93af-fde83aed67e9,Ann Lewis,17-06-2023,Production offer difference meet. Bag performance consumer sing thing.,4
a5c941f2-275e-4b2f-91c6-d17cbcf0aa18,Allen Howard,10-02-2023,Stage name own same. White finish possible finish.,1
6c10cd44-0daf-4305-8d58-880ba3bc870a,Alexandria Macias,28-12-2022,Air feeling onto reach possible way perhaps. Rest start probably him.,3
8b7f38cd-22ce-40c5-890c-79284e194503,Felicia Ball,21-03-2023,Brother his small move. Exist down democratic again season discussion store. Heavy number agent marriage.,5
61e26a22-52e6-4bcc-999a-ab965145b9b8,Jake Castro,17-05-2023,Perhaps would child parent manager. Significant entire design worker total guess describe why.,2
f8daf6de-c052-4b45-9583-4d28ea9dbcb6,Erica Duncan,08-02-2023,Trouble kitchen memory probably. Grow check speech join they. Never over call represent spend research.,1
2a4f11fc-5a8d-4be7-904b-4e0e7f933592,Kathleen Hayes,04-10-2022,Government peace billion business meet. Laugh move opportunity policy best if. May offer number student wonder ever place. Value across hot media start room.,4
2f7171a9-46b3-450d-b600-a8dc2e44e7ee,Michael Miller,14-07-2023,Attention newspaper resource religious contain. Vote will however pick. Another adult significant wait.,2
b8e96f4a-73f8-4140-b7ab-de3b21f80de3,Daniel Gutierrez,20-01-2023,Occur player along home reflect. Step laugh indeed occur long attack interview. Local part cover himself various friend. Church of food relate season want newspaper.,4
8b7f38cd-22ce-40c5-890c-79284e194503,Felicia Ball,07-05-2023,Wait thing step scientist enjoy. Own yard class serve through. My last traditional film.,3
1b84d39f-9dac-432c-a4e6-ce929b36dc77,Erica Walker,10-09-2022,Few little image. Particularly attack guy especially choose allow.,3
f579ee1c-37ee-46b5-9388-b8d79aab13d1,Sandra Stout,17-12-2022,Boy happy animal different.,2
5feb450d-0d9d-4108-a7af-d9b7ce43f1a7,Cassandra Marquez,09-05-2023,Like event many wall money. Small Republican of think.,3
707897ab-2b45-4fc9-9444-a0f01150083d,Jade Martinez,01-07-2023,Something end dinner theory later. Project push Mrs itself western young hear item.,2
774b9d80-990f-4ad1-8b1f-b7c1cc88e12d,Denise Rivers,30-05-2023,Interview Mr market style over carry. None commercial behavior public term.,4
8c3225de-e4b9-44a7-a35a-9275ed4a0934,Jeffrey Grant,10-01-2023,Loss data such life. Personal someone again research adult young.,2
91801b40-be6d-419a-80e5-0ed39d5ef953,Curtis Morgan,09-11-2022,Rate president among pull discussion government him. Board look sound either standard take interest.,5
0aaeae2a-cff4-421c-8cd3-212d6b4e4832,Jeffrey Brown,22-12-2022,Along west born many seek each wonder sister. Deal scientist option risk. I dark civil before car.,2
309ba140-1e82-4e12-af07-da59aaad96d4,Jordan Knapp,19-01-2023,Difficult suffer TV today little. Become enough protect later work Mr. Eye place positive third type country. Director nor investment happen animal.,5
5b8da561-9c71-4a1a-a199-a5c9d539c2c7,Christopher Smith,09-03-2023,Score hear hundred foreign. Morning join central conference exist. Know step recent stop.,2
7b551f6e-45bc-49ae-900f-c9560744dfbd,Gary Miller,08-03-2023,Record campaign hear choice model easy. Car development social decide another foot four.,5
70e8f782-7754-495c-8158-b972d5b6d529,Daniel Moss,17-11-2022,Last perform somebody every really. Now ball deal gun per seat. Other laugh media forget.,1
05ef2865-cc4e-4b1f-b227-f3a4decd9275,Elizabeth Santiago,30-10-2022,To involve deal notice experience officer. Them south surface. Section tell them.,2
2fea9e3a-f536-44a7-9957-091c2cf865bc,Caitlin Smith,06-05-2023,More surface manager little argue mention somebody. Break bad develop once crime detail. Chance win arrive me eat role.,4
cef8df2b-1a90-4711-bb5c-f178b8d982bf,Elizabeth Mccoy,13-03-2023,Pm either determine provide. Tell provide development imagine important. Thousand leader amount soon represent appear condition writer. Treatment often push nothing little.,4
e0410ca5-dfc1-4f98-b466-846d21c9b10c,Eugene Smith,14-02-2023,Several thousand very late. Main this some pick population officer. Sell avoid TV hot person a.,5
e3e2d589-090f-4b16-a882-031e84362314,Janice Williams,01-08-2023,Film situation kid certain summer benefit support. Choose no form really commercial hand. Clear room structure race song seven minute. American word ability drive conference western report.,1
2f7171a9-46b3-450d-b600-a8dc2e44e7ee,Michael Miller,16-11-2022,Develop travel tax air happen toward.,5
816063aa-84ff-4a1f-a7dc-b911422cb807,Meghan Fleming,05-03-2023,Wind take put take former dinner. Top positive thank decide.,5
94f2fc23-82ba-46f3-9474-1b54994585fa,Charles Quinn,11-12-2022,Recently model trouble scene better. Look southern spend run seven impact network. Allow necessary beat very for.,4
2fea9e3a-f536-44a7-9957-091c2cf865bc,Caitlin Smith,13-05-2023,He human deep place out indicate. Car organization raise chance generation view camera study. Hard hold significant truth always ever who.,3
0957e8ea-66c1-4791-81b9-2169ed6235ce,Penny Padilla,05-11-2022,Eight senior with senior east.,4
91801b40-be6d-419a-80e5-0ed39d5ef953,Curtis Morgan,15-11-2022,Up front support there can. Cause investment possible. Serve machine every adult admit work conference.,3
dd0bcef2-4708-4bab-9e01-8ce29162e484,David Yoder,02-05-2023,Hospital cover her above choice risk like build. Edge plant four evidence age.,2
72eca921-29e7-4658-ae2f-131c5063b6cc,Noah Shields,13-06-2023,Blue provide receive cultural. Matter to rise blood drive management people.,1
368822c9-f998-44a3-9efe-ef1b339ab0e3,Robert Allison,15-01-2023,Outside happen lead rise society. Something yourself increase catch avoid ready. Itself his industry example.,4
5b8da561-9c71-4a1a-a199-a5c9d539c2c7,Christopher Smith,19-06-2023,Near red go decade hot hope during. Spring method back financial her three week. Special air result about animal TV.,4
05e7e0e5-6e3b-4b27-8993-81b6a9136320,Mark Lee,18-03-2023,Join generation as maybe nor show. Those dog level often. Person born up.,1
ea21e94c-b70f-48a0-85da-442df8634adb,Tim Reynolds,06-01-2023,Next plan art medical reason. Foreign myself must some almost.,3
5b8da561-9c71-4a1a-a199-a5c9d539c2c7,Christopher Smith,25-03-2023,War politics nation specific address. Water smile value make. By four plan wall plant.,5
e36f132d-704a-4cdd-ba40-0e69ef5f49ce,William Ruiz,21-02-2023,Police agree discuss arm room. As matter strong party budget rule instead. Peace professor difficult. Activity future sport at.,3
7b551f6e-45bc-49ae-900f-c9560744dfbd,Gary Miller,03-05-2023,Opportunity event away trade.,5
8464ebe5-7a79-40c7-815d-f2e3f64cbf59,William Gamble,10-04-2023,War treat run recognize. Kitchen table positive onto threat own.,5
6c10cd44-0daf-4305-8d58-880ba3bc870a,Alexandria Macias,26-02-2023,Seat property first later allow. Despite measure American artist experience special. New behavior early.,3
309ba140-1e82-4e12-af07-da59aaad96d4,Jordan Knapp,21-05-2023,Try interview building save hand certainly understand. Prevent population see claim score let.,2
fd0b0007-e16a-48ed-8db4-e6d4653c9c66,Samuel Cline,01-02-2023,Politics behind similar PM avoid. Interview Mrs maintain perhaps long official seven prove.,4
f94cd062-9453-4ed5-9a9e-2e8dd24d91c4,Charles Hill,29-12-2022,Key member stock region measure attorney skin. Card daughter point.,5
8b7f38cd-22ce-40c5-890c-79284e194503,Felicia Ball,27-07-2023,Region project benefit day. Easy section author.,5
aa8072f6-b7f6-4668-ae67-81e3701c056d,Whitney Payne,21-06-2023,Exactly here by. And identify oil.,1
70e8f782-7754-495c-8158-b972d5b6d529,Daniel Moss,20-08-2023,Condition much manager.,1
5c7d83b0-3957-4d34-bc21-d3ebca2799c8,Larry Shaffer,28-04-2023,Hit design special whole sign. Happy free area civil happen international mother.,4
58deaaff-58f9-4ebb-b603-7c96c64fa37c,Julie Huber,02-09-2023,Drive argue out anyone themselves. Take with high relate support model western. Because bed contain appear white letter.,4
8b7f38cd-22ce-40c5-890c-79284e194503,Felicia Ball,22-09-2022,Care crime under property. Tax deal analysis similar exactly public product.,1
94f2fc23-82ba-46f3-9474-1b54994585fa,Charles Quinn,27-03-2023,Big rest a get fire. Tonight investment sound. Police onto increase score poor half.,4
707897ab-2b45-4fc9-9444-a0f01150083d,Jade Martinez,30-09-2022,Month company once month billion simply. Measure feeling religious performance value. Save computer wide professor thus become simply. Avoid clear physical message different individual fund.,3
9a759794-e650-41c7-97de-15f74c481a1d,Dominique Yu,11-10-2022,War American city her next nature maintain. Finish pretty garden point police table. Fine send million chair. Rate today once important view ahead contain condition.,1
05ef2865-cc4e-4b1f-b227-f3a4decd9275,Elizabeth Santiago,05-10-2022,Respond simple same deal clearly understand. Term leave rest school five.,4
3d495937-5dfc-4339-9772-36072d026d29,David Hutchinson,19-12-2022,Success line worker tough. Kitchen same court face. Leave state be draw nature late at.,2
3d495937-5dfc-4339-9772-36072d026d29,David Hutchinson,28-06-2023,Eye tonight worry whole. Clear section happen sea beautiful tell develop. Economic can decade form cold. Sell seem bring group place.,2
30d91e13-d1e6-41cc-b0f6-86cbf2d11acd,Christopher Franco,02-04-2023,Attention away admit manage visit reduce environmental.,4
44010a6c-45b3-4d83-93af-fde83aed67e9,Ann Lewis,26-07-2023,Skill per explain ability tax company. Page feeling help form. Knowledge artist light future develop institution billion let.,3
f5ea55e2-4970-47ef-bef0-13f34cb41826,Robert Irwin,31-08-2023,Low research shake type may scene. Hotel improve early. Trip alone nothing age young executive space improve.,5
54925c97-683f-42b4-9112-017dc4be84c6,Karen Elliott,11-09-2022,Resource candidate probably attorney policy. She morning medical ground part blue support. Buy nearly lot one.,5
9512f205-af3c-427b-970d-bdebbd64735d,Teresa Walters,25-01-2023,Consider attorney their begin enter care. Others significant interesting doctor see.,5
05ef2865-cc4e-4b1f-b227-f3a4decd9275,Elizabeth Santiago,06-10-2022,Around build minute individual mind agency surface likely. Tend property sound mouth ten act. Several media whole maintain.,4
b8e96f4a-73f8-4140-b7ab-de3b21f80de3,Daniel Gutierrez,24-09-2022,Physical reason result eat. Recognize training parent industry between. Behavior not happy nation.,1
e3e2d589-090f-4b16-a882-031e84362314,Janice Williams,04-10-2022,Might can authority security. Training base sound if center foreign glass. Something ok sister character writer sure contain.,4
5b8da561-9c71-4a1a-a199-a5c9d539c2c7,Christopher Smith,15-08-2023,Value around current six magazine good actually store. Population central firm employee style reason million three. Try care door modern whether fund born. Specific free item each with audience.,1
6e1b197d-77d0-467b-9e2c-5828d59c287e,Mark Moore,26-03-2023,Into design affect charge. Learn tend staff door present reflect run. Tend policy sea girl two imagine create.,4
a9d4c085-5764-4f36-9e40-323c0ec0a2f6,George Rodriguez,12-09-2022,Room really car old people. What ago media responsibility person speak culture. Forget safe identify peace second we executive. Away case economic entire cause themselves establish.,5
79f4dda3-a0d1-44a5-98d2-386adc5fcdee,Christopher Rodriguez,27-10-2022,Research deal for those strong when available accept. Can your step nation mother form item. Series more teach throw.,1
79f4dda3-a0d1-44a5-98d2-386adc5fcdee,Christopher Rodriguez,04-05-2023,Ok commercial heavy mind marriage thousand home seven. Amount deep task away bar short beat.,2
8b7f38cd-22ce-40c5-890c-79284e194503,Felicia Ball,29-12-2022,Before staff spend resource song end dark lot. This billion customer century few not. Part must success process.,3
f579ee1c-37ee-46b5-9388-b8d79aab13d1,Sandra Stout,25-04-2023,We pay ten why dream defense field. Ok up artist respond personal.,4
a9d4c085-5764-4f36-9e40-323c0ec0a2f6,George Rodriguez,21-02-2023,Public unit simple song ahead. American rate laugh do process. Book will model wind.,5
2f7171a9-46b3-450d-b600-a8dc2e44e7ee,Michael Miller,15-05-2023,Interesting seat card life couple onto. Manage others six practice.,2
89347f3b-e367-4b4f-b045-9c0598fcf82a,Timothy Fitzgerald MD,23-12-2022,Analysis language art father. Staff suggest just skill.,4
5af7fbf9-d755-40d5-a1c5-72060b2dc5f3,Amanda Shannon,27-07-2023,Or seem when policy. Network administration many like team thought local. Animal drug health place film place.,2
de15371b-25e2-41bd-8a39-a67f5071e16b,Megan Williams,22-06-2023,Group sound stay while sometimes old save. Thing lot own player national try raise. Manage power could. Sound ability task actually.,1
0bbeb4ca-4c2c-432f-a45d-8f14c6756ff1,Nancy Jordan,02-01-2023,Assume view much trouble indicate more moment. Miss movement conference. Window summer perhaps Mr strategy.,4
7913e2ff-1ca0-45f4-875f-47a110a2d6fe,Sean Morrison,23-02-2023,Plant if it group knowledge. Ten scene factor camera place direction. Range feeling between policy.,2
e36f132d-704a-4cdd-ba40-0e69ef5f49ce,William Ruiz,06-06-2023,Beautiful shoulder from oil stand. Cost peace company task worry quite during. Pull major page and exist detail subject.,2
7a1e7a5a-9f43-4c40-bca3-7f208ac605be,Samuel Lara,05-01-2023,Career role light popular.,5
f579ee1c-37ee-46b5-9388-b8d79aab13d1,Sandra Stout,13-03-2023,Sister sure per democratic ground former I. Else investment he. Factor plant security student.,5
4122e4d5-f815-4e11-bf1e-f0fe7a8b3952,Brian Vega,01-10-2022,Fact big door child if less place finally. Or authority common maybe great meeting need. What then official with police I room. Factor ok create site policy stand help west.,2
6e1b197d-77d0-467b-9e2c-5828d59c287e,Mark Moore,18-09-2022,Finish charge executive then idea speech above.,5
89324528-d33a-44d6-a326-ca559672c669,William Molina,23-09-2022,Improve popular ground future write little between education. Wind author teach wall watch listen bank care. Read develop development quite lose should.,5
774b9d80-990f-4ad1-8b1f-b7c1cc88e12d,Denise Rivers,20-11-2022,Office glass film again before. You forget blood.,3
991cfd57-2686-4ad0-85dd-91fb2f8e5f99,Laura Foster,30-11-2022,Day head party exist activity. With my industry save ask program mention.,5
8b7f38cd-22ce-40c5-890c-79284e194503,Felicia Ball,31-01-2023,Win knowledge edge behind recognize receive. These movie health build sea likely. Speak six former.,2
e36f132d-704a-4cdd-ba40-0e69ef5f49ce,William Ruiz,09-02-2023,Visit final rule tree successful increase.,3
f5ea55e2-4970-47ef-bef0-13f34cb41826,Robert Irwin,15-02-2023,Say million response stock. Be easy deal assume during although sit. Choose future security.,3
de15371b-25e2-41bd-8a39-a67f5071e16b,Megan Williams,25-03-2023,Try front effort article expect. Everybody service drive agreement.,4
8c3225de-e4b9-44a7-a35a-9275ed4a0934,Jeffrey Grant,25-06-2023,Chance manage truth. Million so line nature.,2
54925c97-683f-42b4-9112-017dc4be84c6,Karen Elliott,29-05-2023,Myself thousand appear. Story cold option floor.,1
31dabad7-d5ea-448f-92a2-cb238e86a032,Madeline Green,17-08-2023,Simple story plan result artist too. Teach local natural know by huge.,4
707897ab-2b45-4fc9-9444-a0f01150083d,Jade Martinez,17-10-2022,Type if various clear pick. Off me not low.,3
05e7e0e5-6e3b-4b27-8993-81b6a9136320,Mark Lee,26-06-2023,Concern several wear hope boy none with. Bit job look bag usually.,1
6ecc0c18-e18b-4840-b2f8-42e079257c0f,Stephanie Leon,09-10-2022,Summer look any difficult. Forward significant half actually scientist. Data economic really.,1
e0410ca5-dfc1-4f98-b466-846d21c9b10c,Eugene Smith,06-07-2023,Gun real like rest. Here watch hope start.,5
8464ebe5-7a79-40c7-815d-f2e3f64cbf59,William Gamble,03-02-2023,Throw paper country. Nature language office. Bag add draw know red trial best citizen.,4
aa8072f6-b7f6-4668-ae67-81e3701c056d,Whitney Payne,17-12-2022,Interview general she in beat. Them better whatever future hour study. Stand under use want.,4
f11d0509-5752-484d-8c8d-d0e9437e0f5f,Shelly Walker,13-11-2022,Poor for suggest hard great increase. Surface value base career popular reality really. Beyond region four admit everyone term side.,5
803a0a39-b97c-4e0b-af3e-0cec547df733,Edgar Barton,28-12-2022,Management consumer staff forward under very. Family gun our role. Fire blue message wrong prepare class.,3
a0bbe541-b135-425e-a272-07d48ac70660,Teresa Doyle,13-10-2022,Understand billion good. Air writer large. Treatment day quite camera executive. Issue four check under.,5
a5c941f2-275e-4b2f-91c6-d17cbcf0aa18,Allen Howard,08-05-2023,Become serve rather including. Per talk yes this.,1
a51fa51b-f279-4ee3-83b4-560a4a760cfc,Megan Townsend,25-01-2023,Serve author raise lose place black. Chair food rest financial.,1
de15371b-25e2-41bd-8a39-a67f5071e16b,Megan Williams,18-01-2023,Sell still because local. Life figure production respond shoulder.,4
8b7f38cd-22ce-40c5-890c-79284e194503,Felicia Ball,22-07-2023,Skin door imagine section always outside door listen. Improve beyond two speak whose.,4
9512f205-af3c-427b-970d-bdebbd64735d,Teresa Walters,06-03-2023,Accept public politics medical but. Sign leg enough answer argue. Southern everything dream indeed specific.,5
70e8f782-7754-495c-8158-b972d5b6d529,Daniel Moss,08-12-2022,Term huge future knowledge break north guess central. Arrive say sport send identify environmental fund. Your positive campaign experience today process.,4
54925c97-683f-42b4-9112-017dc4be84c6,Karen Elliott,18-10-2022,Himself computer up itself charge possible cell. Can against wish watch week.,2
309ba140-1e82-4e12-af07-da59aaad96d4,Jordan Knapp,11-12-2022,Difficult sometimes month mind it respond. Only physical class federal thank. Hotel usually buy. Ahead matter talk authority now.,3
72eca921-29e7-4658-ae2f-131c5063b6cc,Noah Shields,05-05-2023,Among poor past pick something. Security eight early decade federal recent give.,2
5c7d83b0-3957-4d34-bc21-d3ebca2799c8,Larry Shaffer,07-03-2023,Effort professor anyone drug. Success arm avoid to material enter case.,1
05e7e0e5-6e3b-4b27-8993-81b6a9136320,Mark Lee,08-03-2023,Record boy southern level training involve can of. Oil onto over. Soldier staff degree fill defense make military.,4
7b551f6e-45bc-49ae-900f-c9560744dfbd,Gary Miller,08-05-2023,New eight line full upon better me answer. The western citizen arm.,1
be787930-9df2-40ff-827e-e2b9ab30569b,Tammy Meyer,15-01-2023,Adult always yes area lead. Guess find walk perform. Office heart into night enter. Democratic theory large for method.,3
6c10cd44-0daf-4305-8d58-880ba3bc870a,Alexandria Macias,15-09-2022,Us high deal man his better clearly. Toward Democrat change sell. Pattern most culture its expect.,2
f5ea55e2-4970-47ef-bef0-13f34cb41826,Robert Irwin,19-04-2023,Assume record it million learn operation. Word truth issue approach make sense risk. Lose around business.,3
716d3ecf-fc5e-43d2-b8ed-34f6998c4d5d,Katherine Freeman,12-07-2023,Feeling fly wonder company. Role start little that drug reason.,3
4f50214c-e488-4cdc-bb7e-bde185a4bb99,Jennifer White,05-08-2023,Yard two race. Seem successful city same.,5
0aaeae2a-cff4-421c-8cd3-212d6b4e4832,Jeffrey Brown,11-01-2023,Collection degree today carry land clear example. Audience name I care vote whose year staff. Report help receive manager suddenly technology anyone which. Similar money number relate buy.,1
89347f3b-e367-4b4f-b045-9c0598fcf82a,Timothy Fitzgerald MD,11-07-2023,Nice believe our quickly near take. My cause become he out huge end subject. Season red pretty beautiful.,2
43fc42bd-6e58-4df9-80cb-09301dd12efb,Dr. Susan Nicholson DVM,02-07-2023,Anything yeah bit politics. Time trouble word song generation suggest language.,5
ae44b174-e040-4586-aff5-ccf343f56e56,Miguel Bruce,18-10-2022,Three final summer modern. Moment environmental plan. Smile easy talk some bit.,2
a9d4c085-5764-4f36-9e40-323c0ec0a2f6,George Rodriguez,16-04-2023,Along run campaign prepare report scene. Security daughter this listen provide officer whatever.,3
2a4f11fc-5a8d-4be7-904b-4e0e7f933592,Kathleen Hayes,07-03-2023,Rise participant agree challenge author today then.,5
4122e4d5-f815-4e11-bf1e-f0fe7a8b3952,Brian Vega,14-01-2023,Democrat wrong require record director born impact. Join five college election activity to society.,5
dd0bcef2-4708-4bab-9e01-8ce29162e484,David Yoder,10-02-2023,Evening detail college scene.,2
7adbadee-0f3a-45c8-9d04-cf99f94726a1,Heather Ortiz,22-02-2023,How summer adult bar possible idea policy. Scene walk area significant paper create clear.,3
309ba140-1e82-4e12-af07-da59aaad96d4,Jordan Knapp,21-10-2022,Find people happy month perform popular listen fall. Front value subject ever cultural tonight.,4
70e8f782-7754-495c-8158-b972d5b6d529,Daniel Moss,09-07-2023,Class me camera place. Hold body weight. Part plant step friend per raise recently interest.,1
ea21e94c-b70f-48a0-85da-442df8634adb,Tim Reynolds,31-03-2023,List surface letter thought that certain not.,1
3d495937-5dfc-4339-9772-36072d026d29,David Hutchinson,07-07-2023,Attack experience option eight. Difference put enter. Traditional way green artist music sea.,1
aa8072f6-b7f6-4668-ae67-81e3701c056d,Whitney Payne,07-01-2023,Seven standard ask plan. East pick resource mind phone deal culture smile. Draw seven national others.,5
fd0b0007-e16a-48ed-8db4-e6d4653c9c66,Samuel Cline,23-07-2023,Kid finish raise voice. Still record affect me. Tv commercial process view eight describe have system.,5
0aaeae2a-cff4-421c-8cd3-212d6b4e4832,Jeffrey Brown,04-01-2023,Tax same arrive of coach.,3
a9d4c085-5764-4f36-9e40-323c0ec0a2f6,George Rodriguez,31-10-2022,Professional apply almost pass. Rather protect partner pressure.,3
aa8072f6-b7f6-4668-ae67-81e3701c056d,Whitney Payne,23-09-2022,Sense security generation sit you when. Price effort store thus believe. Hot result early.,2
1b84d39f-9dac-432c-a4e6-ce929b36dc77,Erica Walker,21-05-2023,Coach boy score occur. Administration air year modern fear do large since.,1
72eca921-29e7-4658-ae2f-131c5063b6cc,Noah Shields,30-04-2023,Day seem chair see might must. Serve game middle accept available defense.,2
79f4dda3-a0d1-44a5-98d2-386adc5fcdee,Christopher Rodriguez,26-05-2023,Camera avoid morning charge there experience. Order standard sell role. Believe light father treatment Mr develop marriage.,2
89347f3b-e367-4b4f-b045-9c0598fcf82a,Timothy Fitzgerald MD,31-10-2022,Age Mr stand pick such. Hospital enjoy system table.,2
de15371b-25e2-41bd-8a39-a67f5071e16b,Megan Williams,10-02-2023,Conference little few machine doctor station purpose. Company about green weight yeah not animal. Above cultural approach threat thus start bill time.,4
8c3225de-e4b9-44a7-a35a-9275ed4a0934,Jeffrey Grant,18-07-2023,Movement community life other attack. Majority strategy play billion deep fight.,5
991cfd57-2686-4ad0-85dd-91fb2f8e5f99,Laura Foster,16-01-2023,Politics apply figure. Long before image career rich probably.,3
72eca921-29e7-4658-ae2f-131c5063b6cc,Noah Shields,07-09-2022,Plan order what onto best. Rule this leg firm pay.,1
e98dbfd1-8dc6-46f4-872a-519bd13eff82,Mark Brown,13-09-2022,Daughter stay situation production pass break. Traditional without feel feel man.,4
9a759794-e650-41c7-97de-15f74c481a1d,Dominique Yu,12-11-2022,Find why one environment. Eye against artist type social event federal.,5
aa8072f6-b7f6-4668-ae67-81e3701c056d,Whitney Payne,29-11-2022,Thus value know add fine learn ability. Seek politics get respond. Thus walk as civil leave part western yourself. Woman but suddenly citizen understand.,1
de15371b-25e2-41bd-8a39-a67f5071e16b,Megan Williams,13-05-2023,Employee white quite least food three.,4
70e8f782-7754-495c-8158-b972d5b6d529,Daniel Moss,09-11-2022,School soon pull wrong bad. Check our me herself serious wonder. They thank politics toward office.,3
368822c9-f998-44a3-9efe-ef1b339ab0e3,Robert Allison,08-06-2023,Goal sure born street expect. Trouble surface sell.,3
7eb895d9-ed85-4397-a389-fd0b8c506ca2,Janice Jackson,11-03-2023,Many feeling I Democrat amount serious market. Some stuff best by.,3
f579ee1c-37ee-46b5-9388-b8d79aab13d1,Sandra Stout,16-02-2023,Recognize brother trip two much. Analysis approach dog language.,1
61e26a22-52e6-4bcc-999a-ab965145b9b8,Jake Castro,25-09-2022,Throw pull audience option. Project price kitchen budget city card space operation.,4
2a4f11fc-5a8d-4be7-904b-4e0e7f933592,Kathleen Hayes,16-04-2023,Task understand it open should yes land. Type mention quickly rock once business positive.,3
7b551f6e-45bc-49ae-900f-c9560744dfbd,Gary Miller,02-09-2023,Its traditional rich my reduce task idea. Apply approach continue word.,4
4f50214c-e488-4cdc-bb7e-bde185a4bb99,Jennifer White,18-04-2023,Yard responsibility manager. Several finish build fish.,3
de15371b-25e2-41bd-8a39-a67f5071e16b,Megan Williams,24-04-2023,Hundred voice rest responsibility. Traditional increase behavior movie standard outside already sense. Middle before town to read sound.,4
610542b4-5128-49a5-ba55-95006729d2f7,Gabriela Hutchinson,07-11-2022,Across will door civil growth money ball. Face only wife return bar.,2
f94cd062-9453-4ed5-9a9e-2e8dd24d91c4,Charles Hill,08-06-2023,Hear ten local just make little. Sign deal arrive nothing subject with half through. Especially realize believe collection determine my wife.,3
8b7f38cd-22ce-40c5-890c-79284e194503,Felicia Ball,10-09-2022,Hope north think single every sense. Purpose role pressure collection garden color trial require. Product food security administration myself.,5
b8e96f4a-73f8-4140-b7ab-de3b21f80de3,Daniel Gutierrez,22-05-2023,Feel behind sport candidate direction type. Yes factor contain physical group young be. Ten operation which letter however newspaper. Human truth crime concern there article foot company.,5
94f2fc23-82ba-46f3-9474-1b54994585fa,Charles Quinn,07-03-2023,Minute political class likely everyone support. College always traditional perhaps interest spend tax. Long general coach source crime all light. College well go huge general material move.,5
5b8da561-9c71-4a1a-a199-a5c9d539c2c7,Christopher Smith,04-01-2023,Agreement modern whether letter. Win stand southern natural debate. Hear lay thank accept other pretty world.,4
6c10cd44-0daf-4305-8d58-880ba3bc870a,Alexandria Macias,03-08-2023,Open discussion amount left sometimes. Style art way write risk list. From recent blue determine chance especially. Develop commercial appear cultural about send.,2
dd0bcef2-4708-4bab-9e01-8ce29162e484,David Yoder,22-10-2022,Soldier theory share reason. Red side front day get about senior. Sign design by everyone.,5
e3e2d589-090f-4b16-a882-031e84362314,Janice Williams,05-10-2022,Bad talk environmental spend per probably very since. Final food call probably car.,3
4f50214c-e488-4cdc-bb7e-bde185a4bb99,Jennifer White,22-03-2023,Necessary major detail point yard. Industry national matter.,3
a51fa51b-f279-4ee3-83b4-560a4a760cfc,Megan Townsend,30-11-2022,Always great standard out health. Method group glass investment environmental represent. Owner continue beyond deal church window kind enough.,4
91801b40-be6d-419a-80e5-0ed39d5ef953,Curtis Morgan,15-05-2023,Face something officer. Forget democratic front memory minute evening stay.,5
5af7fbf9-d755-40d5-a1c5-72060b2dc5f3,Amanda Shannon,05-09-2022,Leader foot threat rich tell I. Light scientist store theory practice.,2
6c10cd44-0daf-4305-8d58-880ba3bc870a,Alexandria Macias,06-05-2023,Suggest material effect human chance event action. Inside money yard boy end a stand. Trial final send field attack station onto reach.,2
5af7fbf9-d755-40d5-a1c5-72060b2dc5f3,Amanda Shannon,02-10-2022,Member well most fast. Model way produce.,1
0a522e4b-b43a-4534-9a3d-c906953c5ffb,Sandra Welch,24-06-2023,Room floor beyond institution reflect six rise. Fast former sound response us fight performance add. Certainly specific drop card area nice. What direction expect country near soldier.,1
79f4dda3-a0d1-44a5-98d2-386adc5fcdee,Christopher Rodriguez,20-10-2022,Side Mr me relate mention unit.,1
37a653f8-2fe6-468c-bfab-242797e35f79,Daniel Mendoza,24-03-2023,Book direction traditional what. Investment college wide entire here hour far popular.,3
91801b40-be6d-419a-80e5-0ed39d5ef953,Curtis Morgan,25-11-2022,Catch trouble say though. Several another man husband tax.,3
7a1e7a5a-9f43-4c40-bca3-7f208ac605be,Samuel Lara,30-10-2022,Level history compare unit. Last fall capital management result last dream pass. Shake society we financial writer high history successful.,5
31dabad7-d5ea-448f-92a2-cb238e86a032,Madeline Green,25-09-2022,Real nation would today. Partner win throw arrive different.,5
cef8df2b-1a90-4711-bb5c-f178b8d982bf,Elizabeth Mccoy,29-08-2023,Keep continue shake mother agent especially threat. Expert land quickly science ground more.,2
5b8da561-9c71-4a1a-a199-a5c9d539c2c7,Christopher Smith,26-05-2023,Tv cup shake sit. It food of lead whole suffer cold.,2
0a522e4b-b43a-4534-9a3d-c906953c5ffb,Sandra Welch,23-11-2022,List interest information sort certainly.,4
4a204e33-f26f-434d-903d-9f8ca3222bb3,Kyle Smith,11-10-2022,Ability sing little majority. Drop law window reach. Speak fund clearly consider.,5
6c10cd44-0daf-4305-8d58-880ba3bc870a,Alexandria Macias,22-06-2023,Somebody statement little. Difficult dream summer worker training say agreement.,1
2fea9e3a-f536-44a7-9957-091c2cf865bc,Caitlin Smith,30-11-2022,Single with street clearly. Or wear professor matter up. Movie best decade blue one rather lot.,4
d625c0ec-21e4-4af6-8c74-a56002f93834,Walter Munoz,09-03-2023,Cover collection now half. Require accept around road.,2
2f7171a9-46b3-450d-b600-a8dc2e44e7ee,Michael Miller,23-01-2023,Step support financial beat democratic. Analysis near already green.,4
0a522e4b-b43a-4534-9a3d-c906953c5ffb,Sandra Welch,06-01-2023,Approach list stay water star mean.,4
e98dbfd1-8dc6-46f4-872a-519bd13eff82,Mark Brown,05-01-2023,Person painting force phone bank dinner detail. Much indeed seven management relate.,3
020f0386-7d84-47f3-854e-23f819f8c440,Emily Williams,11-12-2022,Baby main meet possible some say catch. Purpose five wear worker try win take glass.,4
f5ea55e2-4970-47ef-bef0-13f34cb41826,Robert Irwin,02-12-2022,Indeed check together analysis. Realize firm day type seem first.,1
adc43eab-ed92-4804-bfc7-884610d93e66,Robert Barnes,18-05-2023,School we computer me education green help. Science assume spend little political increase.,3
58c0cd25-0fba-4abc-ac54-765af0729f69,Jason Sheppard,19-05-2023,Leave economy always nor long range cultural. Job still will fly clear.,3
2fea9e3a-f536-44a7-9957-091c2cf865bc,Caitlin Smith,06-09-2022,Ask against without memory edge even door. Capital nation religious degree. Group why result. Animal customer I world.,5
5024e788-e1e4-4fde-b442-dadf8b6bc4b2,Anthony Stevens,29-03-2023,Safe teach risk road worry job behind throughout. Our value leave through. Hospital against common glass huge.,3
9a759794-e650-41c7-97de-15f74c481a1d,Dominique Yu,28-11-2022,Bill yeah itself when business rise response. Half exactly prove.,2
5024e788-e1e4-4fde-b442-dadf8b6bc4b2,Anthony Stevens,22-05-2023,Four safe yourself beyond. Energy bit risk sport understand.,2
1b84d39f-9dac-432c-a4e6-ce929b36dc77,Erica Walker,14-07-2023,Dog capital begin. Eat national world speech. Experience want floor worker trade official race recently.,3
5024e788-e1e4-4fde-b442-dadf8b6bc4b2,Anthony Stevens,16-02-2023,Language especially exist chance. Work big guy not because. Education little style meet.,4
4122e4d5-f815-4e11-bf1e-f0fe7a8b3952,Brian Vega,17-12-2022,Imagine item try attack also. State a because teach produce whole.,2
200b4956-7fcd-450a-90ac-b9162a2917cb,Fernando Clements,28-01-2023,Ago picture nearly agreement. Often rise participant oil everything four. Safe may above image student five.,2
fd0b0007-e16a-48ed-8db4-e6d4653c9c66,Samuel Cline,09-07-2023,Central lead sister drug record parent when science. Material good camera rule brother. Happy mouth easy.,3
a7aa32ce-b539-4ce7-98b4-82ef20baca77,Olivia Smith,01-10-2022,Outside land spring crime area itself ok force. Management last themselves only.,3
0a522e4b-b43a-4534-9a3d-c906953c5ffb,Sandra Welch,02-11-2022,Run else here resource against degree. Catch pick edge past fill enough marriage. Company feeling action water thus marriage.,1
7a1e7a5a-9f43-4c40-bca3-7f208ac605be,Samuel Lara,28-08-2023,Decision minute computer board teach. Hair including above as minute.,5
5af7fbf9-d755-40d5-a1c5-72060b2dc5f3,Amanda Shannon,15-09-2022,Quite loss example scientist. Shoulder reason but you fast much.,3
8b7f38cd-22ce-40c5-890c-79284e194503,Felicia Ball,19-10-2022,She officer lot answer million technology several better. None do a choose. Whether TV red mother yard ask.,1
7b551f6e-45bc-49ae-900f-c9560744dfbd,Gary Miller,02-04-2023,Wrong about former reflect maybe. Skill production relate none. Theory election bit crime.,2
05ef2865-cc4e-4b1f-b227-f3a4decd9275,Elizabeth Santiago,31-03-2023,Tonight summer high other time born. Resource indicate check tonight computer sort item.,4
803a0a39-b97c-4e0b-af3e-0cec547df733,Edgar Barton,08-05-2023,Serve international provide camera. Put drop join seat. Far down evidence hour.,4
ae44b174-e040-4586-aff5-ccf343f56e56,Miguel Bruce,23-06-2023,Truth arrive suddenly write another. Body would account painting. Down air tough these despite feel.,4
b186ec80-fddd-4e44-ac1c-44db93775304,Perry Davis,12-01-2023,Mouth war my support form public. Structure attorney character manager issue.,5
e98dbfd1-8dc6-46f4-872a-519bd13eff82,Mark Brown,28-04-2023,Nearly ground alone policy thank down bit throughout. Make involve black walk important enjoy usually. Outside score serious among investment ten shoulder.,2
7a1e7a5a-9f43-4c40-bca3-7f208ac605be,Samuel Lara,16-12-2022,Cell sit test specific fly recognize piece. Operation than key phone along.,4
cef8df2b-1a90-4711-bb5c-f178b8d982bf,Elizabeth Mccoy,20-11-2022,Four step this six record voice. Or time structure half.,2
adc43eab-ed92-4804-bfc7-884610d93e66,Robert Barnes,11-08-2023,Debate condition role world daughter wide plant. Land necessary anything your. Son care beat sign enough.,2
4122e4d5-f815-4e11-bf1e-f0fe7a8b3952,Brian Vega,31-03-2023,Itself rich arm bill rather small identify. Tonight recognize protect product.,2
dd0bcef2-4708-4bab-9e01-8ce29162e484,David Yoder,11-02-2023,Vote agree should economic you. Common nearly guess. Project military fall.,1
774b9d80-990f-4ad1-8b1f-b7c1cc88e12d,Denise Rivers,26-11-2022,Join Mr owner high open seven hit. Realize hospital on most red stop. Wrong style factor suggest. Myself find ground road.,1
8c3225de-e4b9-44a7-a35a-9275ed4a0934,Jeffrey Grant,18-03-2023,Exist station play become very.,4
7adbadee-0f3a-45c8-9d04-cf99f94726a1,Heather Ortiz,11-07-2023,Huge section close like room politics feeling station. Model before himself player perform what.,4
368822c9-f998-44a3-9efe-ef1b339ab0e3,Robert Allison,23-10-2022,Foot most sort political administration identify. Treat magazine start let life bag.,1
94f2fc23-82ba-46f3-9474-1b54994585fa,Charles Quinn,09-03-2023,Upon protect popular upon we billion. Customer foot bed from air shoulder benefit. Dinner experience eat something born place.,1
2a4f11fc-5a8d-4be7-904b-4e0e7f933592,Kathleen Hayes,10-11-2022,Staff movement rich plan player. Past for car. Performance production draw ball need respond.,1
0957e8ea-66c1-4791-81b9-2169ed6235ce,Penny Padilla,03-11-2022,Order support candidate drop various. Drug chair unit official own including sure computer. Hope while leader. Technology such as.,2
7a1e7a5a-9f43-4c40-bca3-7f208ac605be,Samuel Lara,28-03-2023,Travel activity set at trouble put. Chair treat foreign. Well network any exist power.,2
991cfd57-2686-4ad0-85dd-91fb2f8e5f99,Laura Foster,10-08-2023,Product popular Democrat experience. Ten PM could opportunity project much. Deal by section discover report. Off whole church market.,5
a5c941f2-275e-4b2f-91c6-d17cbcf0aa18,Allen Howard,24-01-2023,Day site deep nation whose section. Partner end thus throughout it. Camera land minute our.,3
803a0a39-b97c-4e0b-af3e-0cec547df733,Edgar Barton,28-10-2022,Officer office easy former purpose end action.,4
f5ea55e2-4970-47ef-bef0-13f34cb41826,Robert Irwin,05-11-2022,Industry can yourself daughter perhaps. Rather start ten lot image agreement surface. Such admit he box letter tax.,3
5b8da561-9c71-4a1a-a199-a5c9d539c2c7,Christopher Smith,09-04-2023,Customer school me across station bank human. Allow turn above southern consumer measure.,1
89347f3b-e367-4b4f-b045-9c0598fcf82a,Timothy Fitzgerald MD,15-02-2023,Under none her contain method. Dog as speech fire.,5
716d3ecf-fc5e-43d2-b8ed-34f6998c4d5d,Katherine Freeman,29-11-2022,Tv practice dark democratic people. Safe receive management speech black form network. Through about will condition remain.,2
a7aa32ce-b539-4ce7-98b4-82ef20baca77,Olivia Smith,18-08-2023,Phone production different process fight consumer.,5
a0bbe541-b135-425e-a272-07d48ac70660,Teresa Doyle,20-04-2023,Effort near late throughout much open. Less democratic fly minute top minute. Fill garden important or.,3
d14413f0-385c-473e-9fc9-1b023b384122,Jeremy Sandoval,30-01-2023,Space nor often approach a environment southern but. Local large throw early base worker.,1
be787930-9df2-40ff-827e-e2b9ab30569b,Tammy Meyer,21-04-2023,Paper glass piece all heavy. Other mouth manage prevent activity remain in. Accept factor cover tonight religious call perhaps.,1
91801b40-be6d-419a-80e5-0ed39d5ef953,Curtis Morgan,15-06-2023,Necessary focus pull value although major stage. Last represent mission member tell. Argue ground bad however.,1
a5c941f2-275e-4b2f-91c6-d17cbcf0aa18,Allen Howard,14-12-2022,Father movie candidate. Decide tell rule walk. Likely poor everybody natural.,3
5af7fbf9-d755-40d5-a1c5-72060b2dc5f3,Amanda Shannon,17-03-2023,Artist magazine use pattern what story past bag. Whatever support exist both. Dog if five quality forward year. Policy state bit like point teach ready.,5
e5dc1add-3e4e-4ae0-b19e-8b8d821ed908,Christina Clark,12-04-2023,Poor bank seven music. Organization firm top method air middle.,5
7eb895d9-ed85-4397-a389-fd0b8c506ca2,Janice Jackson,01-07-2023,Unit challenge do police magazine lawyer. Month night challenge challenge approach better if usually.,1
2a4f11fc-5a8d-4be7-904b-4e0e7f933592,Kathleen Hayes,01-09-2023,Sit agency field plan. Upon along member center garden appear.,2
30d91e13-d1e6-41cc-b0f6-86cbf2d11acd,Christopher Franco,17-04-2023,Energy lose arrive common computer agree tonight. Speak yeah best simple.,2
368822c9-f998-44a3-9efe-ef1b339ab0e3,Robert Allison,14-06-2023,After player ground pressure. On Democrat first way world become. Remember personal author along. Write color unit turn.,1
5c7d83b0-3957-4d34-bc21-d3ebca2799c8,Larry Shaffer,30-10-2022,Memory race officer be realize couple book. Large woman look decade watch enough article son. They likely research include.,3
5af7fbf9-d755-40d5-a1c5-72060b2dc5f3,Amanda Shannon,07-05-2023,Economic mother social. Player down security sister letter western reduce. Arm too purpose material. Others visit ready.,5
58c0cd25-0fba-4abc-ac54-765af0729f69,Jason Sheppard,20-12-2022,Car open more rate fly. Town ball structure.,5
ea21e94c-b70f-48a0-85da-442df8634adb,Tim Reynolds,03-02-2023,Deal case be pull perhaps subject various. Well through state property task professional them. Not keep question phone.,1
5b8da561-9c71-4a1a-a199-a5c9d539c2c7,Christopher Smith,04-02-2023,Seek red year after fund consider. Analysis Mrs food might sure.,3
8464ebe5-7a79-40c7-815d-f2e3f64cbf59,William Gamble,03-03-2023,Under in wear visit enter wind leader. Local meeting really Congress ago.,1
368822c9-f998-44a3-9efe-ef1b339ab0e3,Robert Allison,18-11-2022,Perform all cup talk race inside outside. Natural area message relationship building find. Manager hear have include.,1
2fea9e3a-f536-44a7-9957-091c2cf865bc,Caitlin Smith,26-09-2022,Strategy account wife team. Notice recognize firm fill customer. Often trip through through this set study.,1
5feb450d-0d9d-4108-a7af-d9b7ce43f1a7,Cassandra Marquez,21-05-2023,Issue myself interesting clearly phone make. Citizen tell kitchen place.,1
5ffe8c62-532b-4787-9cdd-88de559f6098,Scott Brewer,29-12-2022,Want special bit all war economic toward. Physical statement article organization certainly design.,4
774b9d80-990f-4ad1-8b1f-b7c1cc88e12d,Denise Rivers,26-02-2023,At image look real. Child by now a fill his significant.,5
be787930-9df2-40ff-827e-e2b9ab30569b,Tammy Meyer,21-12-2022,Site break could wide. Provide foreign certain.,5
e5dc1add-3e4e-4ae0-b19e-8b8d821ed908,Christina Clark,21-01-2023,Per since back old she upon difference source. System wife positive here.,2
803a0a39-b97c-4e0b-af3e-0cec547df733,Edgar Barton,08-03-2023,Keep week nor lay real. Majority card relationship attorney continue important each.,1
803a0a39-b97c-4e0b-af3e-0cec547df733,Edgar Barton,10-06-2023,Key opportunity hotel I nearly. War discuss a above. Local source be people everything.,4
0aaeae2a-cff4-421c-8cd3-212d6b4e4832,Jeffrey Brown,14-09-2022,Cell past nation always give world.,2
05e7e0e5-6e3b-4b27-8993-81b6a9136320,Mark Lee,14-09-2022,Network moment home ten left indicate. Field their mother be current culture. Watch political institution soon product sister Republican. Difficult small enter chair teach far.,1
a492e548-dd65-4cc1-8c84-f9967cafe7ba,Charles Vang,30-07-2023,Item cost good body.,4
5ffe8c62-532b-4787-9cdd-88de559f6098,Scott Brewer,08-06-2023,Allow crime outside. Money prove travel plant turn idea risk. Reach drug theory past.,4
e472feab-b2cc-432c-9a32-a5efc44c12a4,Wesley Hudson,08-07-2023,Rise by stay pull gun case. Her can nation shake front. Firm alone doctor quality. Production charge something laugh late.,1
2fea9e3a-f536-44a7-9957-091c2cf865bc,Caitlin Smith,01-08-2023,Wish history fly should space seven country. Middle music many college show. Serve here ten.,3
f8daf6de-c052-4b45-9583-4d28ea9dbcb6,Erica Duncan,09-05-2023,Hospital happy time manage fear. Sea peace if conference assume cell fine.,1
58deaaff-58f9-4ebb-b603-7c96c64fa37c,Julie Huber,20-10-2022,Worker hot various stop marriage east. May hair family minute laugh at. Decision she about single.,2
5ffe8c62-532b-4787-9cdd-88de559f6098,Scott Brewer,05-05-2023,Role force serious gun late. Such near bad level include hot.,5
4a204e33-f26f-434d-903d-9f8ca3222bb3,Kyle Smith,11-08-2023,Main while matter. Soon develop price return.,4
fd0b0007-e16a-48ed-8db4-e6d4653c9c66,Samuel Cline,11-10-2022,Also relate billion minute tax least attorney. Very up pretty not draw attention PM.,4
0957e8ea-66c1-4791-81b9-2169ed6235ce,Penny Padilla,16-09-2022,Movie able American fall. Whose kind feeling. Per single drive total.,1
991cfd57-2686-4ad0-85dd-91fb2f8e5f99,Laura Foster,07-11-2022,Wide unit loss long not. Method method whole whatever customer. Tv could money science fish.,1
f579ee1c-37ee-46b5-9388-b8d79aab13d1,Sandra Stout,25-01-2023,Star view place teach reality if. Account pass food.,4
8b7f38cd-22ce-40c5-890c-79284e194503,Felicia Ball,20-06-2023,Within year serve enter need laugh. Woman after unit do trouble partner control nearly.,1
991cfd57-2686-4ad0-85dd-91fb2f8e5f99,Laura Foster,08-07-2023,None might above image. Apply sing third before which computer account.,3
200b4956-7fcd-450a-90ac-b9162a2917cb,Fernando Clements,11-08-2023,Want moment such base society three. Cover major experience teach staff Mr. Yes five rest skin.,4
58deaaff-58f9-4ebb-b603-7c96c64fa37c,Julie Huber,28-12-2022,Remain but well forward country.,2
1b84d39f-9dac-432c-a4e6-ce929b36dc77,Erica Walker,23-05-2023,Voice business finally anything nearly that understand. Order media you amount control. Blood yourself along note tell bill arrive parent.,3
55ba61e8-cb63-4662-b9d6-437c66363f21,Kimberly Vance,08-05-2023,Vote happy choice on. Author admit eat yard player very.,3
a0bbe541-b135-425e-a272-07d48ac70660,Teresa Doyle,05-07-2023,Work fill design type off nor. Account administration off success others fly. Hot fight tell view coach phone energy.,3
d14413f0-385c-473e-9fc9-1b023b384122,Jeremy Sandoval,23-01-2023,Model remain actually. Oil break doctor all manage alone later. Say yourself early open home.,2
5b8da561-9c71-4a1a-a199-a5c9d539c2c7,Christopher Smith,18-12-2022,Shoulder indicate over shoulder a cover buy. One finish whether. Could huge clearly song.,5
561b08e1-c332-420b-9caa-b56b1c112b96,Erin Willis,29-01-2023,Prepare theory structure five happen. Dark network center skill listen.,5
7adbadee-0f3a-45c8-9d04-cf99f94726a1,Heather Ortiz,29-12-2022,Attorney marriage agreement event adult.,5
561b08e1-c332-420b-9caa-b56b1c112b96,Erin Willis,02-09-2023,List good recognize against who. Live else service employee space success level necessary. Never camera two conference send past.,1
b8e96f4a-73f8-4140-b7ab-de3b21f80de3,Daniel Gutierrez,17-05-2023,Off man on short. Word eat protect send away six different movie.,4
0957e8ea-66c1-4791-81b9-2169ed6235ce,Penny Padilla,08-02-2023,Place thank ten after kind necessary hundred. Exactly usually student bank. Could establish set there provide source finally.,2
05ef2865-cc4e-4b1f-b227-f3a4decd9275,Elizabeth Santiago,10-10-2022,Step begin capital admit decision. Very agree player put gun nation must.,3
aa8072f6-b7f6-4668-ae67-81e3701c056d,Whitney Payne,05-06-2023,Political TV special need six. Answer center shoulder. Current such top black property share nation.,5
89324528-d33a-44d6-a326-ca559672c669,William Molina,10-01-2023,Firm buy test history evening. Stay song ground challenge page Democrat serve. Reveal south organization.,3
d625c0ec-21e4-4af6-8c74-a56002f93834,Walter Munoz,11-04-2023,Ability majority look look fly. Keep fight soldier think especially center speak. Medical federal house subject yourself present quite.,1
803a0a39-b97c-4e0b-af3e-0cec547df733,Edgar Barton,29-04-2023,Data series evidence road design Mr. Stuff product office buy serve. Cold security per performance example base. Figure not today pressure.,1
561b08e1-c332-420b-9caa-b56b1c112b96,Erin Willis,09-12-2022,Century address before all brother his day. Suffer admit difference onto.,2
adc43eab-ed92-4804-bfc7-884610d93e66,Robert Barnes,25-09-2022,Old rate source professor control. Standard assume year evening.,5
dd0bcef2-4708-4bab-9e01-8ce29162e484,David Yoder,21-09-2022,Clear exist feeling author catch. Arrive keep true compare believe should window. Television court about occur month.,2
7913e2ff-1ca0-45f4-875f-47a110a2d6fe,Sean Morrison,26-06-2023,Lead brother leader recent he degree soon. Present chance subject represent. Break decide feel sense.,1
dd0bcef2-4708-4bab-9e01-8ce29162e484,David Yoder,29-11-2022,Possible because full ask be make event. Close authority natural field. There hour break better leader executive together.,3
7b551f6e-45bc-49ae-900f-c9560744dfbd,Gary Miller,09-09-2022,Class reality small budget project. Might work here everything process. Beat move will already will base.,5
db94efd4-eb95-439c-9165-f529a278afdf,Diana Smith,01-05-2023,Fill plan run we though. Character born how arm writer two quickly.,2
adc43eab-ed92-4804-bfc7-884610d93e66,Robert Barnes,09-08-2023,True usually argue him travel. Evidence interview then forget onto result hand. Yeah agent dinner per may.,5
1b84d39f-9dac-432c-a4e6-ce929b36dc77,Erica Walker,15-04-2023,Practice tend everyone hundred politics plan computer. Enter last whether arrive.,1
9512f205-af3c-427b-970d-bdebbd64735d,Teresa Walters,23-04-2023,That strong organization. Institution boy relate more party card tonight. Agent report cost eight down.,5
9a759794-e650-41c7-97de-15f74c481a1d,Dominique Yu,22-07-2023,Brother its claim statement fight. Bit media bank carry. Citizen care themselves place. Room low full.,2
e98dbfd1-8dc6-46f4-872a-519bd13eff82,Mark Brown,22-05-2023,They expert federal. Down product religious entire prevent culture detail.,2
e3e2d589-090f-4b16-a882-031e84362314,Janice Williams,28-11-2022,Growth decide article say. Either American sound oil record develop.,5
2a4f11fc-5a8d-4be7-904b-4e0e7f933592,Kathleen Hayes,17-02-2023,Nation camera maintain about still. Million strong various send. Run happy reflect source perhaps matter science.,5
4a204e33-f26f-434d-903d-9f8ca3222bb3,Kyle Smith,27-01-2023,Guy dog of fish new move. Character agency compare century. Six once want work at more senior.,1
31dabad7-d5ea-448f-92a2-cb238e86a032,Madeline Green,12-04-2023,Stay perform pattern five. Carry hard friend phone push remember red. Health action family pass where usually ahead.,2
e98dbfd1-8dc6-46f4-872a-519bd13eff82,Mark Brown,15-11-2022,Including main next win school hour south. Might stay manage management at. Will set about him.,2
adc43eab-ed92-4804-bfc7-884610d93e66,Robert Barnes,05-09-2022,Various member candidate western office kind build difficult. Key person evening.,3
f8daf6de-c052-4b45-9583-4d28ea9dbcb6,Erica Duncan,20-04-2023,Address discuss raise purpose. Increase writer spring star.,1
05e7e0e5-6e3b-4b27-8993-81b6a9136320,Mark Lee,01-09-2023,Threat along doctor heart.,4
70e8f782-7754-495c-8158-b972d5b6d529,Daniel Moss,03-10-2022,Language myself glass PM community national behavior. Everyone past chair nature key travel yourself what. Stock way year kitchen. Mind great Mr oil last everybody.,2
7eb895d9-ed85-4397-a389-fd0b8c506ca2,Janice Jackson,07-03-2023,Fill investment exactly western one force field. Beautiful civil sort party political home.,5
d14413f0-385c-473e-9fc9-1b023b384122,Jeremy Sandoval,25-11-2022,Animal reduce use last quickly indicate poor.,5
05e7e0e5-6e3b-4b27-8993-81b6a9136320,Mark Lee,25-07-2023,Similar always plant owner under inside. Visit none relationship lead party have.,3
91801b40-be6d-419a-80e5-0ed39d5ef953,Curtis Morgan,12-02-2023,Use we tax commercial clear. Five movie part record worker wear. Collection watch experience view full.,4
70e8f782-7754-495c-8158-b972d5b6d529,Daniel Moss,14-08-2023,New both away amount kid. Want whole skill above behavior cover.,1
b186ec80-fddd-4e44-ac1c-44db93775304,Perry Davis,31-03-2023,Or state present cover current resource experience. Oil fast south fly worker prevent serious. Security pressure already appear drug garden common.,2
